{"cameraMode":{"drawMode":0,"name":"Shaded","section":"Shading Mode"},"sceneLighting":false,"audioPlay":false,"sceneViewState":{"m_AlwaysRefresh":false,"showFog":false,"showSkybox":false,"showFlares":false,"showImageEffects":false,"showParticleSystems":false,"showVisualEffectGraphs":true,"m_FxEnabled":true},"in2DMode":false,"pivot":{"x":-0.028795987367630006,"y":0.848641574382782,"z":0.05695138871669769},"rotation":{"x":-0.016250671818852426,"y":0.9405878782272339,"z":-0.04547441378235817,"w":-0.336109459400177},"size":1.1739556789398194,"orthographic":false}